query,advertisement
best hybrid cars,Toyota Camry
best hybrid cars,Nissan Leaf
nissan dealership,Nissan
nissan dealership,Nissan Xterra
mercedes slk,Mercedes-Benz
mercedes slk,Mercedes-Benz A-Class
69 camaro,Chevrolet Camaro ZL1
69 camaro,Chevrolet
lexus rx300,Lexus RX
lexus rx300,Toyota Highlander
used cars near me,Ford Explorer
used cars near me,Honda Pilot
toyota models,Toyota Hilux
toyota models,Toyota Highlander
chevrolet dealership,Chevrolet
chevrolet dealership,Chevrolet Equinox
electric cars 2022,Toyota Yaris
electric cars 2022,Nissan Leaf
kia optima,Kia Optima
kia optima,Nissan Altima
best small suv,VW Tiguan
best small suv,Ford Escape
carfax used cars,Chevrolet Traverse
carfax used cars,Ford Mustang
chrysler sebring,Chrysler Pacifica
chrysler sebring,Dodge Grand Caravan
mazda near me,Mazda
mazda near me,Mazda MX-5
subaru electric car,Subaru Impreza
subaru electric car,Subaru WRX
scion xb,Toyota Yaris
scion xb,Toyota Camry
audi a8,Audi A8
audi a8,BMW X5
hyundai accent 2022,Hyundai Tucson
hyundai accent 2022,Hyundai Sonata
2018 toyota camry,Toyota Camry
2018 toyota camry,Nissan Altima
chevrolet corvette,Chevrolet
chevrolet corvette,Chevrolet Camaro ZL1
vw dealership,VW Tiguan
vw dealership,Volkswagen Passat
electric cars for sale,Nissan Leaf
electric cars for sale,BMW 3 Series
chevrolet dealer near me,Chevrolet Camaro ZL1
chevrolet dealer near me,Chevrolet Traverse
tesla y,Mazda
tesla y,BMW
bmw 530e,BMW 3 Series
bmw 530e,BMW
toyota dealership,Toyota Hilux
toyota dealership,Toyota Land Cruiser
bmw x8,BMW X5
bmw x8,BMW
bmw i5,BMW
bmw i5,BMW M3
2022 volvo xc40 recharge pure electric,Audi A3
2022 volvo xc40 recharge pure electric,Volvo
maybach s650,Mercedes-Benz
maybach s650,Mercedes-Benz E-Class
hyundai accent,Hyundai Sonata
hyundai accent,Hyundai Tucson
volvo xc90 price,Volvo
volvo xc90 price,Audi Q5
kia dealership,Kia Sportage
kia dealership,Kia Ceed
volvo car,Volvo
volvo car,Audi A8
370z,Nissan 370Z
370z,Nissan
sports cars,Porsche 911
sports cars,Lamborghini
chevrolet cobalt,Chevrolet Traverse
chevrolet cobalt,Chevrolet Equinox
hyundai ioniq hybrid,Hyundai Tucson
hyundai ioniq hybrid,Hyundai Veloster N
us auto sales,Ford Mustang
us auto sales,Dodge Charger
corolla gr,Toyota Yaris
corolla gr,Mazda
car lots near me,Toyota Hilux
car lots near me,Mazda
muscle cars,Dodge Charger
muscle cars,Ford Mustang
toyota supra 2022,Toyota Hilux
toyota supra 2022,Toyota Land Cruiser
2008 honda accord,Honda Pilot
2008 honda accord,Toyota Camry
honda civic price,Nissan
honda civic price,Mazda
nissan gtr for sale,Nissan
nissan gtr for sale,Nissan Xterra
classic cars,Dodge Charger
classic cars,Ford Mustang
lotus emira,Aston Martin
lotus emira,Maserati
cheapest electric car,Nissan Leaf
cheapest electric car,Renault Captur
ford mustang mach 1,Ford Mustang
ford mustang mach 1,Ford Mustang Shelby GT500
autotrader used cars,Toyota Highlander
autotrader used cars,Nissan Qashqai
nissan z 2023,Nissan
nissan z 2023,Nissan 370Z
ford focus st,Ford Fiesta ST
ford focus st,Ford Mustang Shelby GT500
2022 chevrolet camaro,Chevrolet Camaro ZL1
2022 chevrolet camaro,Chevrolet
gtr for sale,Nissan
gtr for sale,Nissan 370Z
toyota suv,Toyota Highlander
toyota suv,Toyota Land Cruiser
fiat 500 for sale,Nissan
fiat 500 for sale,Mazda
dodge hellcat,Dodge Charger
dodge hellcat,Dodge Hellcat
mercedes glk,Mercedes-Benz GLC
mercedes glk,Mercedes-Benz
corvette c7,Dodge Charger
corvette c7,Ford Mustang
911 turbo s,Porsche 911
911 turbo s,Bugatti
bmw i8,BMW M3
bmw i8,BMW 2 Series
2023 prius,Toyota Yaris
2023 prius,Toyota Camry
2022 toyota gr86,Toyota Highlander
2022 toyota gr86,Toyota Land Cruiser
nissan gt r,Nissan 370Z
nissan gt r,Nissan Altima
audi rs3,Audi A3
audi rs3,Volkswagen Golf GTI
hybrid suv,Lexus RX
hybrid suv,Audi Q5
lexus lc500,Lexus LC500
lexus lc500,Bentley
fiat 500,Nissan
fiat 500,Mazda
2022 range rover,Land Rover Discovery
2022 range rover,Range Rover
ford focus 2022,Ford Mustang
ford focus 2022,Ford Transit
2022 audi e tron,Audi A8
2022 audi e tron,Audi Q5
volkswagen passat,Vauxhall Insignia
volkswagen passat,Peugeot 508
ford fiesta for sale,Ford Fiesta ST
ford fiesta for sale,Ford Mustang
nissan s14,Nissan 370Z
nissan s14,Nissan NV400
audi used cars,Audi A8
audi used cars,Audi Q5
i8,BMW
i8,BMW 2 Series
infiniti fx35,Infiniti QX60
infiniti fx35,Nissan
malibu car,Chevrolet
malibu car,Chevrolet Equinox
kia niro 2023,Kia Sportage
kia niro 2023,Kia Stinger
dodge caravan,Dodge Grand Caravan
dodge caravan,Chrysler Pacifica
audi a4 allroad,Audi A4
audi a4 allroad,Audi Q5
bmw m7,BMW M3
bmw m7,Mercedes-Benz
dodge cars,Dodge Grand Caravan
dodge cars,Dodge Hellcat
scion frs,Toyota Yaris
scion frs,Mazda MX-5
toyota land cruiser for sale,Lexus LX
toyota land cruiser for sale,Toyota Hilux
toyota prius hybrid,Toyota Yaris
toyota prius hybrid,Toyota Camry
toyota venza,Toyota Yaris
toyota venza,Toyota Camry
audi rs7,BMW
audi rs7,Mercedes-Benz
ford mustang 2022,Dodge Charger
ford mustang 2022,Ford Mustang Shelby GT500
elantra n,Hyundai Sonata
elantra n,Mazda
car prices,Ford Mustang Shelby GT500
car prices,Vauxhall Astra
volvo v60 cross country,Volvo
volvo v60 cross country,Audi Q5
honda crz,Honda Pilot
honda crz,Audi A3
cash for cars,Dodge Charger
cash for cars,Ford Mustang
porsche taycan,Porsche 911
porsche taycan,BMW X5
porsche 718 cayman,Porsche 911
porsche 718 cayman,Ford Mustang Shelby GT500
carvana near me,Ford Mustang
carvana near me,Mercedes-Benz
mazda cx 7,Mazda
mazda cx 7,Nissan
car trader,Ford Mustang
car trader,Toyota Hilux
2022 gmc hummer ev,Maserati
2022 gmc hummer ev,Bentley
mustang shelby gt500,Ford Mustang Shelby GT500
mustang shelby gt500,Ford Mustang
mitsubishi mirage,Hyundai i30
mitsubishi mirage,Skoda Octavia
dodge nitro,Jeep Wrangler
dodge nitro,Dodge Grand Caravan
porsche cayenne 2022,Porsche 911
porsche cayenne 2022,Lexus RX
panamera,Porsche 911
panamera,Audi Q5
acura tl,Acura RDX
acura tl,Honda Pilot
audi a6 e tron,Audi A8
audi a6 e tron,Mercedes-Benz E-Class
pre owned cars,Mazda
pre owned cars,Chevrolet Camaro ZL1
audi rsq3,Mercedes-Benz A-Class
audi rsq3,Volkswagen Golf GTI
chevrolet cavalier,Chevrolet Camaro ZL1
chevrolet cavalier,Chevrolet Equinox
beetle car,Renault Megane
beetle car,Dacia Sandero
hyundai genesis coupe,Hyundai Veloster N
hyundai genesis coupe,Hyundai i30
lexus isf,Lexus RX
lexus isf,Lexus LX
taycan turbo s,Porsche 911
taycan turbo s,Lamborghini
bmw x5 price,BMW X5
bmw x5 price,BMW
mercedes c63,Mercedes-Benz E-Class
mercedes c63,Mercedes-Benz A-Class
ford focus 2012,Ford Fiesta ST
ford focus 2012,Ford Focus
ford maverick truck,Toyota Hilux
ford maverick truck,Nissan
mazda miata,Mazda
mazda miata,Mazda MX-5
2022 nissan versa,Nissan Qashqai
2022 nissan versa,Nissan Altima
civic type r 2023,Volkswagen Golf GTI
civic type r 2023,Dodge Hellcat
dodge dart,Dodge Charger
dodge dart,Dodge Grand Caravan
honda insight,Toyota Yaris
honda insight,Hyundai i30
2010 honda civic,Honda Pilot
2010 honda civic,Kia Optima
nissan z,Nissan
nissan z,Nissan 370Z
zl1,Chevrolet Camaro ZL1
zl1,Chevrolet
hummer ev,Chevrolet
hummer ev,Cadillac Escalade
mitsubishi lancer evolution,Subaru Impreza
mitsubishi lancer evolution,Nissan 370Z
camry,Lexus RX
camry,Toyota Camry
go car,Audi A8
go car,BMW
toyota yaris,Volkswagen Golf
toyota yaris,Kia Ceed
range rover car,Range Rover
range rover car,Land Rover Discovery
ferrari 488 spider,Ferrari
ferrari 488 spider,Maserati
mercedes eqs price,Mercedes-Benz E-Class
mercedes eqs price,Mercedes-Benz A-Class
2012 honda civic,Honda Pilot
2012 honda civic,Toyota Camry
hummer 2022,Ford Explorer
hummer 2022,Toyota Land Cruiser
lexus lc,Lexus LC500
lexus lc,Jaguar XK
cheap cars,Dacia Duster
cheap cars,Dacia Sandero
toyota fj,Nissan Xterra
toyota fj,Jeep Wrangler
most reliable suv,Honda Pilot
most reliable suv,Ford Explorer
brz,Subaru Impreza
brz,Subaru WRX
volkswagen cc,Volkswagen Golf
volkswagen cc,Volkswagen Passat
2021 honda civic,Honda Pilot
2021 honda civic,Hyundai Sonata
fiat 500c,Mazda
fiat 500c,Volvo
chevy impala,Dodge Charger
chevy impala,Chevrolet Camaro ZL1
dodge grand caravan,Honda Pilot
dodge grand caravan,Ford Explorer
2022 subaru brz,Subaru WRX
2022 subaru brz,Hyundai Veloster N
mercedes benz cla,Mercedes-Benz A-Class
mercedes benz cla,Mercedes-Benz E-Class
honda clarity,Kia Optima
honda clarity,Ford Focus
bmw m4,BMW
bmw m4,BMW M3
2022 kia carnival,Kia Sportage
2022 kia carnival,Hyundai Tucson
most expensive car in the world,Ferrari
most expensive car in the world,Lamborghini
toyota gr corolla,Volkswagen Golf
toyota gr corolla,Ford Focus
toyota corolla gr,Toyota Yaris
toyota corolla gr,Volkswagen Golf
lexus lc 500,Lexus RX
lexus lc 500,Audi A8
g37,Nissan
g37,Infiniti QX60
mini cooper price,BMW
mini cooper price,Mazda
rs5,Audi A3
rs5,BMW 2 Series
ford st,Ford Fiesta ST
ford st,Ford Mustang Shelby GT500
camaro z28,Chevrolet Camaro ZL1
camaro z28,Chevrolet
jeep grand cherokee srt,Jeep Cherokee
jeep grand cherokee srt,Jeep Wrangler
f80 m3,BMW M3
f80 m3,BMW
audi s3,BMW 2 Series
audi s3,Mercedes-Benz A-Class
land rover price,Land Rover Discovery
land rover price,Range Rover
best cars 2022,Mercedes-Benz E-Class
best cars 2022,Ford Mustang Shelby GT500
eqc mercedes,Mercedes-Benz GLC
eqc mercedes,Mercedes-Benz A-Class
mustang gt500,Ford Mustang Shelby GT500
mustang gt500,Dodge Hellcat
honda civic 2007,Nissan Leaf
honda civic 2007,Ford Focus
chevy ss,Chevrolet
chevy ss,Chevrolet Camaro ZL1
toyota land cruiser 2022,Toyota Land Cruiser
toyota land cruiser 2022,Nissan
2022 nissan altima,Nissan Altima
2022 nissan altima,Nissan
vw id5,Volkswagen Golf
vw id5,Volkswagen Passat
hummer h3,Jeep Wrangler
hummer h3,Land Rover Discovery
f30 bmw,BMW 3 Series
f30 bmw,BMW
land cruiser 2022,Toyota Hilux
land cruiser 2022,Toyota Land Cruiser
nissan 370z,Nissan 370Z
nissan 370z,Nissan
sedan,Mercedes-Benz E-Class
sedan,BMW 3 Series
best electric suv,BMW X5
best electric suv,Audi Q5
2022 porsche taycan,Porsche 911
2022 porsche taycan,BMW
2012 honda accord,Honda Pilot
2012 honda accord,Nissan Altima
mini clubman,BMW
mini clubman,Mazda
volkswagen beetle,Volkswagen Passat
volkswagen beetle,Volkswagen Golf GTI
c63 amg,Mercedes-Benz E-Class
c63 amg,BMW M3
best hybrid suv 2022,Toyota Highlander
best hybrid suv 2022,Lexus RX
e golf,Volkswagen Golf
e golf,Volkswagen Golf GTI
tesla model 3,Chevrolet
tesla model 3,Hyundai Sonata
ford fusion,Ford Mustang
ford fusion,Ford Kuga
mercedes a45,Mercedes-Benz A-Class
mercedes a45,Mercedes-Benz
honda civic coupe,BMW 2 Series
honda civic coupe,Nissan Leaf
best suv,Jeep Wrangler
best suv,Chevrolet Traverse
audi q9,Audi A8
audi q9,Audi Q5
tesla model y,BMW X5
tesla model y,Acura RDX
best hybrid cars 2022,Hyundai Sonata
best hybrid cars 2022,Ford Escape
shelby mustang,Ford Mustang Shelby GT500
shelby mustang,Ford Mustang
ford focus 2015,Ford Focus
ford focus 2015,Ford Kuga
hyundai tucson price,Hyundai Tucson
hyundai tucson price,VW Tiguan
subaru xv,Subaru Impreza
subaru xv,Subaru WRX
mercedes a45 amg,Mercedes-Benz A-Class
mercedes a45 amg,Mercedes-Benz
dodge charger srt,Dodge Charger
dodge charger srt,Dodge Hellcat
best hybrid suv,Toyota Highlander
best hybrid suv,Acura RDX
mitsubishi lancer,Dodge Charger
mitsubishi lancer,Ford Mustang
335i,BMW
335i,BMW 3 Series
subaru solterra,Subaru Impreza
subaru solterra,Subaru WRX
gt350,Ford Mustang Shelby GT500
gt350,Ford Mustang
aston martin dbx 707,Aston Martin
aston martin dbx 707,Bentley
c43,Mercedes-Benz A-Class
c43,Mercedes-Benz E-Class
mazda 6 2022,Mazda
mazda 6 2022,Nissan Altima
mazda 626,Mazda
mazda 626,Nissan
stinger gt,Kia Optima
stinger gt,Kia Stinger
toyota corolla hatchback,Toyota Yaris
toyota corolla hatchback,Hyundai i30
dodge dealer near me,Dodge Grand Caravan
dodge dealer near me,Dodge Hellcat
mercedes c63 amg,Mercedes-Benz A-Class
mercedes c63 amg,Mercedes-Benz E-Class
chevrolet impala,Chevrolet Camaro ZL1
chevrolet impala,Chevrolet Traverse
2022 dodge durango,Dodge Charger
2022 dodge durango,Dodge Grand Caravan
vw beetle,Volkswagen Passat
vw beetle,Volkswagen Golf GTI
bmw m3,BMW M3
bmw m3,BMW
aston martin vantage,Aston Martin
aston martin vantage,Jaguar XK
mitsubishi eclipse cross,Volvo
mitsubishi eclipse cross,Subaru Impreza
2022 lexus nx,Lexus RX
2022 lexus nx,Lexus LX
prius,Toyota Yaris
prius,Toyota Camry
smart fortwo,Nissan Leaf
smart fortwo,Hyundai i30
we buy cars,Nissan
we buy cars,BMW
audi dealership near me,Audi Q5
audi dealership near me,Audi A3
toyota hatchback,Kia Ceed
toyota hatchback,Ford Focus
hyundai ioniq electric,Hyundai Veloster N
hyundai ioniq electric,Hyundai i30
e63 amg,Mercedes-Benz
e63 amg,Mercedes-Benz E-Class
civic turbo,Nissan Leaf
civic turbo,Ford Fiesta ST
2022 honda civic hatchback,Toyota Yaris
2022 honda civic hatchback,Hyundai i30
2022 subaru ascent,Subaru Impreza
2022 subaru ascent,Audi A3
amg c63,Mercedes-Benz
amg c63,Mercedes-Benz A-Class
wagon r car,Subaru Impreza
wagon r car,Nissan Qashqai
mercedes benz eqs,Mercedes-Benz A-Class
mercedes benz eqs,Mercedes-Benz GLC
s63,Mercedes-Benz
s63,Mercedes-Benz E-Class
lexus rcf,Lexus RX
lexus rcf,Nissan 370Z
bmw x4 2022,BMW X5
bmw x4 2022,BMW
tesla x,Toyota Highlander
tesla x,Lexus RX
mercedes price,Mercedes-Benz GLC
mercedes price,Mercedes-Benz
2022 bmw ix,BMW
2022 bmw ix,BMW X5
dodge viper,Chevrolet Camaro ZL1
dodge viper,Ford Mustang Shelby GT500
ford car,Ford Escape
ford car,Ford Explorer
c63s,Mercedes-Benz A-Class
c63s,Mercedes-Benz GLC
ford taurus,Ford Kuga
ford taurus,Ford Focus
kia rio,Kia Optima
kia rio,Kia Stinger
2022 kia niro,Kia Sportage
2022 kia niro,Hyundai Tucson
acura rsx,Acura RDX
acura rsx,Lexus RX
gr supra,Toyota Highlander
gr supra,Toyota Land Cruiser
range rover svr,Range Rover
range rover svr,Land Rover Discovery
bmw near me,BMW X5
bmw near me,BMW M3
station wagon,Subaru Impreza
station wagon,Ford Focus
best electric cars,Nissan
best electric cars,BMW
bmw m6,BMW 3 Series
bmw m6,BMW
hyundai azera,Hyundai Sonata
hyundai azera,Hyundai Veloster N
infiniti g37,Infiniti QX60
infiniti g37,Nissan
2023 nissan z,Nissan
2023 nissan z,Nissan 370Z
mitsubishi lancer evo,Subaru WRX
mitsubishi lancer evo,Nissan 370Z
impreza,Subaru Impreza
impreza,Ford Focus
2022 ford maverick xl,Ford Escape
2022 ford maverick xl,Ford Kuga
nissan quest,Nissan Qashqai
nissan quest,Nissan Leaf
cargurus used cars,Chevrolet Traverse
cargurus used cars,Vauxhall Insignia
ford mustang shelby gt500,Ford Mustang Shelby GT500
ford mustang shelby gt500,Ford Mustang
toyota pickup,Toyota Hilux
toyota pickup,Toyota Land Cruiser
crossover suv,Acura RDX
crossover suv,Jeep Cherokee
porsche cayenne price,Porsche 911
porsche cayenne price,Audi Q5
fiat spider,Dodge Charger
fiat spider,Ford Mustang
subaru dealer near me,Subaru Impreza
subaru dealer near me,Subaru WRX
m4 competition,BMW
m4 competition,BMW M3
suv,Jeep Wrangler
suv,Ford Explorer
mercedes benz gls,Mercedes-Benz GLC
mercedes benz gls,Mercedes-Benz
2013 hyundai elantra,Hyundai Sonata
2013 hyundai elantra,Kia Optima
audi tts,Audi A8
audi tts,Audi Q5
maybach price,Mercedes-Benz GLC
maybach price,Mercedes-Benz A-Class
2022 mercedes benz g class,Mercedes-Benz A-Class
2022 mercedes benz g class,Mercedes-Benz E-Class
toyota matrix,Toyota Hilux
toyota matrix,Toyota Camry
hyundai dealership near me,Hyundai Sonata
hyundai dealership near me,Hyundai Tucson
tesla model x,BMW X5
tesla model x,Acura RDX
porsche 911 turbo s,Porsche 911
porsche 911 turbo s,BMW
toyota prius,Toyota Highlander
toyota prius,Toyota Land Cruiser
land rover discovery sport,Land Rover Discovery
land rover discovery sport,Range Rover
dodge dakota,Dodge Charger
dodge dakota,Dodge Grand Caravan
vw passat,Volkswagen Passat
vw passat,Vauxhall Insignia
range rover price,Range Rover
range rover price,BMW
2022 ford maverick xlt,Ford Explorer
2022 ford maverick xlt,Ford Transit
aston martin vanquish,Aston Martin
aston martin vanquish,Dodge Charger
cool cars,Ford Mustang
cool cars,Porsche 911
kia e niro,Kia Sportage
kia e niro,Kia Ceed
honda civic 2006,Nissan
honda civic 2006,Mazda
supra 2022,Toyota Yaris
supra 2022,Chevrolet Camaro ZL1
honda civic hybrid,Ford Focus
honda civic hybrid,Kia Ceed
wrx,Subaru WRX
wrx,Mazda
2023 civic type r,Honda Pilot
2023 civic type r,Toyota Yaris
ford mustang 1967,Ford Mustang
ford mustang 1967,Chevrolet Camaro ZL1
range rover sport 2022,Land Rover Discovery
range rover sport 2022,Range Rover
best electric cars 2022,Nissan Leaf
best electric cars 2022,Volkswagen Golf
chevy sonic,Chevrolet Traverse
chevy sonic,Chevrolet Camaro ZL1
small suv,Subaru Impreza
small suv,Nissan Qashqai
honda element,Honda Pilot
honda element,Nissan Xterra
cadillac ats,Cadillac Escalade
cadillac ats,Chevrolet
jeep dealership near me,Jeep Wrangler
jeep dealership near me,Jeep Cherokee
toyota fj cruiser,Toyota Hilux
toyota fj cruiser,Toyota Land Cruiser
bmw x2,BMW X5
bmw x2,BMW 2 Series
honda civic 2005,Dodge Charger
honda civic 2005,Toyota Hilux
ford c max,Ford Focus
ford c max,Ford Transit
electric hummer,Nissan Leaf
electric hummer,Chevrolet
2022 audi q4 e tron,Audi A8
2022 audi q4 e tron,Audi Q5
s class,Mercedes-Benz GLC
s class,Mercedes-Benz
aston martin dbx,Aston Martin
aston martin dbx,Land Rover Discovery
volvo v90 cross country,Volvo
volvo v90 cross country,Land Rover Discovery
2021 ford bronco,Jeep Wrangler
2021 ford bronco,Ford Explorer
camaro,Chevrolet Camaro ZL1
camaro,Chevrolet
cla 45 amg,Mercedes-Benz
cla 45 amg,Mercedes-Benz A-Class
carvana used cars,Ford Mustang
carvana used cars,Chevrolet
cadillac srx,Cadillac Escalade
cadillac srx,Mercedes-Benz GLC
subaru brz,Subaru Impreza
subaru brz,Subaru WRX
mercedes car,Mercedes-Benz GLC
mercedes car,Mercedes-Benz A-Class
nissan dealer near me,Nissan Xterra
nissan dealer near me,Nissan 370Z
2022 toyota corolla cross,Toyota Highlander
2022 toyota corolla cross,Toyota Land Cruiser
old cars for sale,Dodge Charger
old cars for sale,Ford Mustang
stinger car,Kia Sportage
stinger car,Kia Stinger
s550,Mercedes-Benz
s550,Mercedes-Benz E-Class
fiat 500 electric,Peugeot 208
fiat 500 electric,Renault Captur
audi a6 allroad,Audi A8
audi a6 allroad,Audi Q5
mercedes eqs,Mercedes-Benz
mercedes eqs,Mercedes-Benz A-Class
civic hatchback,Honda Pilot
civic hatchback,Volkswagen Golf
cheap used cars near me,Ford Focus
cheap used cars near me,Dacia Sandero
luxury cars,Jaguar XK
luxury cars,Porsche 911
suv for sale,Acura RDX
suv for sale,Jeep Cherokee
supra car,Mazda
supra car,Nissan
a35 amg,Mercedes-Benz
a35 amg,Mercedes-Benz A-Class
nissan juke 2022,Nissan Altima
nissan juke 2022,Nissan NV400
cls mercedes,Mercedes-Benz
cls mercedes,Mercedes-Benz E-Class
audi quattro,Audi A8
audi quattro,Audi A4
veloster n,Hyundai Tucson
veloster n,Hyundai Veloster N
fiat suv,Ford Kuga
fiat suv,Skoda Kodiaq
prius car,Toyota Yaris
prius car,Toyota Camry
honda crosstour,Honda Pilot
honda crosstour,Toyota Highlander
mercedes sls amg,Mercedes-Benz
mercedes sls amg,Mercedes-Benz E-Class
chevy dealer near me,Chevrolet
chevy dealer near me,Chevrolet Camaro ZL1
honda crv for sale,Honda Pilot
honda crv for sale,Toyota Highlander
compact suv,Jeep Cherokee
compact suv,VW Tiguan
midsize suv,Honda Pilot
midsize suv,Chevrolet Traverse
hyundai near me,Hyundai Sonata
hyundai near me,Hyundai Tucson
jaguar xk,Jaguar XK
jaguar xk,Aston Martin
mercedes gl,Mercedes-Benz GLC
mercedes gl,Mercedes-Benz
smart car for sale,Toyota Yaris
smart car for sale,Nissan Leaf
mercedes benz gla,Mercedes-Benz GLC
mercedes benz gla,Mercedes-Benz A-Class
mercedes benz glb,Mercedes-Benz E-Class
mercedes benz glb,Mercedes-Benz
toyota corolla hybrid,Hyundai i30
toyota corolla hybrid,Kia Ceed
audi a8l,Audi A8
audi a8l,BMW
model y tesla,Lamborghini
model y tesla,Nissan Leaf
viper car,Lamborghini
viper car,Maserati
small cars,Peugeot 208
small cars,Ford Focus
kia cadenza,Kia Optima
kia cadenza,Kia Stinger
lc500,Lexus LC500
lc500,BMW
dodge journey,Dodge Charger
dodge journey,Dodge Grand Caravan
kia models,Kia Sportage
kia models,Kia Ceed
mitsubishi eclipse,Mazda
mitsubishi eclipse,Nissan
used cars,Ford Mustang
used cars,Honda Pilot
toyota supra,Toyota Hilux
toyota supra,Toyota Land Cruiser
2022 ford maverick lariat,Ford Mustang
2022 ford maverick lariat,Ford Explorer
dodge challenger srt,Dodge Charger
dodge challenger srt,Dodge Hellcat
mini suv,Nissan Qashqai
mini suv,VW Tiguan
used car lots near me,Nissan
used car lots near me,Mazda
2010 honda accord,Honda Pilot
2010 honda accord,Toyota Camry
gr corolla,Toyota Highlander
gr corolla,Toyota Yaris
new cars for sale,Toyota Hilux
new cars for sale,Chevrolet
acura tsx,BMW 3 Series
acura tsx,Audi A4
bmw i8 price,BMW M3
bmw i8 price,BMW 3 Series
2010 toyota corolla,Kia Ceed
2010 toyota corolla,Nissan
focus st,Ford Focus
focus st,Ford Fiesta ST
audi rs6 avant,Audi A8
audi rs6 avant,Audi Q5
yaris,Toyota Camry
yaris,Toyota Yaris
altima,Nissan Altima
altima,Nissan
jeep wrangler sahara,Chrysler Pacifica
jeep wrangler sahara,Dodge Grand Caravan
scion tc,Toyota Yaris
scion tc,Hyundai i30
audi r8 price,Audi A8
audi r8 price,BMW
corolla,Toyota Camry
corolla,Toyota Land Cruiser
bmw m3 competition,BMW M3
bmw m3 competition,BMW
hummer h2,Chevrolet
hummer h2,Jeep Wrangler
subaru near me,Subaru Impreza
subaru near me,Subaru WRX
range rover 2022,Land Rover Discovery
range rover 2022,Range Rover
acura dealership,Acura RDX
acura dealership,Lexus RX
aston martin suv,Aston Martin
aston martin suv,Range Rover
volvo xc70,Volvo
volvo xc70,Audi A8
chevrolet avalanche,Chevrolet Equinox
chevrolet avalanche,Chevrolet Camaro ZL1
volvo c40 recharge,Volvo
volvo c40 recharge,Mazda
c63,Mercedes-Benz A-Class
c63,Mercedes-Benz GLC
2022 toyota corolla hybrid,Nissan Leaf
2022 toyota corolla hybrid,Hyundai Sonata
toyota gr86,Toyota Yaris
toyota gr86,Nissan
ford focus,Ford Focus
ford focus,Ford Mustang Shelby GT500
land rover range rover sport,Land Rover Discovery
land rover range rover sport,Range Rover
bmw 3,BMW 3 Series
bmw 3,BMW
toyota com,Toyota Hilux
toyota com,Toyota Land Cruiser
2007 honda accord,Honda Pilot
2007 honda accord,Toyota Camry
dodge viper for sale,Dodge Charger
dodge viper for sale,Chevrolet Camaro ZL1
jaguar e pace,Ferrari
jaguar e pace,Jaguar XK
toyota gr supra,Toyota Highlander
toyota gr supra,Toyota Land Cruiser
golf r,Volkswagen Golf
golf r,Volkswagen Golf GTI
bmw 335i,BMW 3 Series
bmw 335i,BMW
ctsv,Chevrolet
ctsv,Chevrolet Camaro ZL1
cars near me,Ford Mustang
cars near me,Honda Pilot
super cars,Lexus LC500
super cars,Ferrari
porsche macan gts,Porsche 911
porsche macan gts,BMW X5
automatic cars for sale,Toyota Camry
automatic cars for sale,Nissan Altima
hyundai veloster n,Hyundai Sonata
hyundai veloster n,Hyundai Veloster N
shelby gt500,Ford Mustang Shelby GT500
shelby gt500,Ford Mustang
chevy dealership,Chevrolet Traverse
chevy dealership,Chevrolet Camaro ZL1
audi near me,Audi Q5
audi near me,Audi A4
civic type r,Honda Pilot
civic type r,Mazda MX-5
2007 toyota camry,Toyota Camry
2007 toyota camry,Toyota Highlander
jaguar xj,Jaguar XK
jaguar xj,Land Rover Discovery
buy car online,Ford Mustang
buy car online,Audi A8
mercedes eqc,Mercedes-Benz GLC
mercedes eqc,Mercedes-Benz A-Class
fiat 500l,Nissan Leaf
fiat 500l,Toyota Yaris
1969 camaro,Chevrolet
1969 camaro,Chevrolet Camaro ZL1
audi a3 for sale,Audi A3
audi a3 for sale,BMW 2 Series
fiat 124 spider,Mazda MX-5
fiat 124 spider,Subaru WRX
audi a3 2022,Audi A3
audi a3 2022,Audi Q5
gt500,Ford Focus
gt500,Ford Mustang Shelby GT500
nissan 350z for sale,Nissan
nissan 350z for sale,Nissan 370Z
cheap cars for sale near me,Dacia Sandero
cheap cars for sale near me,Vauxhall Astra
prius c,Hyundai i30
prius c,Kia Ceed
audi rs3 2022,Audi A3
audi rs3 2022,BMW 2 Series
dodge magnum,Dodge Charger
dodge magnum,Chevrolet
fiat 500e,Nissan Leaf
fiat 500e,Volkswagen Golf
2022 honda insight,Toyota Camry
2022 honda insight,Nissan Altima
honda fit,Vauxhall Astra
honda fit,Ford Focus
bmw m4 csl,BMW M3
bmw m4 csl,BMW 3 Series
volkswagen car,Volkswagen Golf
volkswagen car,Volkswagen Passat
vintage cars,Ford Mustang
vintage cars,Dodge Charger
nissan near me,Nissan Altima
nissan near me,Nissan NV400
bmw 6 series,BMW M3
bmw 6 series,BMW X5
porsche macan 2022,Porsche 911
porsche macan 2022,Acura RDX
mazda 6,Mazda
mazda 6,BMW 2 Series
2022 kia forte,Kia Sportage
2022 kia forte,Kia Stinger
barnfinds,Chevrolet
barnfinds,BMW
2015 nissan altima,Nissan Altima
2015 nissan altima,Nissan
discovery car,Land Rover Discovery
discovery car,Lexus RX
subaru brz 2022,Subaru Impreza
subaru brz 2022,Subaru WRX
suvs,Jeep Cherokee
suvs,Chevrolet Traverse
lincoln town car,Lincoln Navigator
lincoln town car,Cadillac Escalade
kia ev9,Kia Optima
kia ev9,Kia Stinger
mercedes car price,Mercedes-Benz E-Class
mercedes car price,Mercedes-Benz A-Class
2022 chevy tahoe,Chevrolet Equinox
2022 chevy tahoe,Chevrolet Camaro ZL1
honda dealership,Honda Pilot
honda dealership,Toyota Land Cruiser
used cars for sale,Ford Mustang
used cars for sale,Honda Pilot
hummer ev price,Maserati
hummer ev price,Bentley
cadillac xts,Cadillac Escalade
cadillac xts,Chevrolet
1967 mustang,Ford Mustang
1967 mustang,Ford Mustang Shelby GT500
land rover range rover,Land Rover Discovery
land rover range rover,Range Rover
cars for sale by owner,Mazda
cars for sale by owner,Audi A4
ford mustang 1969,Ford Mustang
ford mustang 1969,Ford Mustang Shelby GT500
sell your car,Ford Mustang
sell your car,Dodge Charger
lexus dealer near me,Lexus RX
lexus dealer near me,Lexus LC500
toyota yaris hybrid,Toyota Yaris
toyota yaris hybrid,Hyundai i30
gmc dealership,Chevrolet
gmc dealership,Mercedes-Benz
carvana cars,Dodge Charger
carvana cars,BMW
carvana cars,Mercedes-Benz
toyota rav 4 hybrid,Toyota Land Cruiser
toyota rav 4 hybrid,Toyota Hilux
old cars,Dodge Charger
old cars,Ford Mustang
cargurus com,Honda Pilot
cargurus com,Jeep Wrangler
cars for sale near me,Chevrolet
cars for sale near me,Mercedes-Benz
2022 kia stinger,Kia Stinger
2022 kia stinger,Mazda
2008 honda civic,Honda Pilot
2008 honda civic,Kia Optima
sedan cars,BMW 3 Series
sedan cars,Volkswagen Passat
buy a car,Toyota Highlander
buy a car,Chevrolet
cadillac dealer near me,Cadillac Escalade
cadillac dealer near me,Lincoln Navigator
hybrid cars for sale,Toyota Yaris
hybrid cars for sale,Nissan Leaf
gmc hummer ev,Audi A8
gmc hummer ev,Cadillac Escalade
charger car,Dodge Charger
charger car,Chevrolet
land rover range rover velar,Land Rover Discovery
land rover range rover velar,Range Rover
impala car,Chevrolet Camaro ZL1
impala car,Chevrolet Traverse
dodge caliber,Dodge Charger
dodge caliber,Dodge Grand Caravan
350z for sale,Nissan 370Z
350z for sale,Nissan
sell car,BMW
sell car,Mercedes-Benz
jaguar xe,Jaguar XK
jaguar xe,Range Rover
car,Toyota Hilux
car,Nissan Xterra
volkswagen van,Peugeot Boxer
volkswagen van,Citroen Relay
toyota car,Toyota Hilux
toyota car,Toyota Highlander
bmw dealership near me,BMW
bmw dealership near me,BMW M3
electric vehicles,Mercedes-Benz E-Class
electric vehicles,Nissan Leaf
toyota supra for sale,Toyota Land Cruiser
toyota supra for sale,Toyota Yaris
2022 kia niro ev,Kia Sportage
2022 kia niro ev,Hyundai Tucson
subaru ascent 2022,Subaru Impreza
subaru ascent 2022,Subaru WRX
used car dealerships near me,Nissan
used car dealerships near me,Mazda
cheap cars for sale,Dacia Sandero
cheap cars for sale,Vauxhall Astra
expensive cars,Bugatti
expensive cars,Bentley
kia car price,Kia Sportage
kia car price,Kia Stinger
audi rs3 for sale,Audi A3
audi rs3 for sale,Audi A4
hyundai car price,Hyundai Tucson
hyundai car price,Hyundai Veloster N
mini truck,Toyota Hilux
mini truck,Nissan NV400
best cars,Audi A8
best cars,Lexus RX
