advertisement,type,qualities
Netflix,brand,"diverse, international content, user-friendly"
Hulu,brand,"Has live TV option, vast library of shows"
HBO Max,brand,"quality content, exclusive shows"
Amazon Prime Video,brand,"Original content, free shipping"
Disney+,brand,"content for kids, Exclusive access to Disney's vast library"
Roku,Streaming Device,"Affordable, broad selection of apps"
Amazon Fire Stick,Streaming device,"affordable, easy-to-use interface"
Nvidia Shield TV, Streaming device,"4k HDR Streaming, AI upscaling features"
Apple TV 4K, Streaming device,"High-quality streaming, access to Apple's ecosystem"
Chromecast, Streaming Device,"cheap, flexible streaming"
Peacock,brand,"Exclusive NBC content, affordable"
Sling TV,brand,"Affordable Live TV, flexible packages"
BritBox,brand,"British TV shows, exclusive content"
Pluto TV,brand,"Free, diverse content"
Vimeo,brand,"High quality videos, no ads"
Crave,brand,"HBO, Showtime, Starz in one place, Canadian shows"
Spotify,music streaming service,"Large music library, affordable"
Sony Crackle,brand,"free, movies and TV series"
Tidal,music streaming service,"Lossless audio, exclusive content"
ESPN+,brand,"Live sports, exclusive Originals"
Twitch,brand,"Live Video Game streaming, exclusive personalities"
YouTube TV,brand,"Live TV, cloud DVR with no storage limits"
Pandora,music streaming service,"Automated music recommendations, many stations"
SiriusXM,brand,"Wide variety of channels, music and talk radio"
Deezer,music streaming service,"over 56 million tracks, personalized playlists"
Qobuz,music streaming service,"high quality sound, comprehensive music library"
iQIYI,brand,"Chinese dramas, movies, animation, and variety shows"
FuboTV,brand,"Live sports and TV without cable, cloud DVR"
Zee5,brand,"Indian TV shows, movies, music & originals"
Tubi,brand,"Free movies and TV shows, high quality streaming"
FilmStruck,brand,"Classic movies, curated themes"
CuriosityStream,brand,Documentaries and non-fiction series
AMC,brand,"Popular movies, exclusive original series"
DirectTV Now,brand,"Live TV and sports, no annual contract"
Aha,brand,Telugu movies & original web series
Starz,brand,"Hollywood movies, original hit series"
Cinemax,brand,"Hollywood hits, action-packed original series"
Eros Now,brand,"Bollywood movies, music & originals"
Hallmark Movies Now,brand,"Family-friendly movies, complete series"
Kanopy,brand,"Thoughtful entertainment, kids programming"
Mubi,brand,Hand-picked classics and arthouse films
Shudder,brand,"Horror, thriller and suspense films"
Hayu,brand,"Reality TV shows, same day as the US"
Acorn TV,brand,"World-class mysteries, dramas, and comedies"
Stan,brand,"Award-winning TV shows, biggest blockbuster movies"
Kooll,brand,"Korean drama, shows and movies"
Naver V,brand,"K-pop, Korean drama and variety"
Quibi,brand,"Original content, 10 minutes or less episodes"
JioSaavn,music streaming service,"Bollywood, English, Hindi, and Indian regional songs"
Ziggo Sport,brand,"Live sports, all your favorite sports in one place"
Zattoo,brand,"Watch TV anywhere, on any screen"
Plex,brand,"All in one streaming, live TV and DVR"
KKBox,music streaming service,"Asian music, lyrics display"
Viaplay,brand,"Vast selection of movies and series, live sports"
Icflix,brand,"Hollywood, bollywood and Jazwood (Arabic) titles"
My5,brand,"Catch up, box sets, Film, drama & reality TV"
Motorsport.tv,brand,"Automotive and motorsport content, live racing events"
Dazn,brand,"Live and On demand sport streaming, high-quality video"
Minnow,brand,"Indie films, documentaries, shorts and series"
Samsung Smart TV, product,"wide variety of streaming apps, excellent picture quality"
PeacockTV,brand,"exclusive access to NBC shows, live sports"
Sony BRAVIA, product,"high picture quality, smart TV capabilities allowing streaming"
VIZIO SmartCast TV, product,"access to top streaming apps, voice control"
LG Smart TV, product,"access to top streaming apps, voice control, high picture quality"
DirecTV Stream,brand,"live TV and sports, on-demand titles and Cloud DVR"
Fire Stick 4K, product,"easy streaming with high-quality resolution, Alexa Voice Remote"
NordVPN, product,"secure, private and unrestricted Internet access for streaming content"
Paramount+,brand,"access to CBS, Nickelodeon, MTV, Comedy Central, and live sports"
Crunchyroll,brand,top anime streaming platform with exclusive content
CBS All Access,brand,streaming CBS live or on-demand
NBA League Pass,brand,"subscription for live, high-definition NBA games streaming"
Chromecast with Google TV, product,streaming your favorite entertainment in 4K HDR
Local Now,brand,"streaming local news, weather, sports, traffic reports"
JBL Flip 5, product,enhance audio input for your streaming device
BBC iPlayer,brand,on-demand streaming of BBC TV and radio shows
WatchESPN,brand,live streaming from the global leader in sports
The Office, TV show,all seasons available for streaming on Peacock
Sonos Beam, product,"smart, compact soundbar for your TV"
Vudu,brand,"rent, buy, watch movies & TV shows"
FX Player,brand,video player app for smart TVs and streaming devices
Apple Music,brand,unlimited ad-free music streaming
BET+,brand,exclusive original series and movies from the best Black creators
MUZO Player,brand,music streaming app compatible with various smart devices
Bose QuietComfort 35 II, product,wireless headphones for private streaming
Netflix Party extension, product,synchronized video playback and group chat for Netflix
Major League Baseball Streaming Subscriptions,brand,watching live games online
VH1,brand,reality TV shows and music artist information streaming
Crackle,brand,"free to use video entertainment network featuring full-length movies, TV shows"
Google Nest Mini, product,voice-activated speaker for streaming music or controlling smart home devices
FOX NOW,brand,watch live and on-demand FOX shows
Philo,brand,skinny bundle service with live TV streaming
BBC Sport,brand,"live sports coverage, breaking news, results, video, audio and analysis"
WWE Network,brand,streaming service offering every live WWE pay-per-view event at no additional cost
Sundance Now,brand,"streaming platform for independent films, documentaries, and TV series"
Joyn,brand,streaming service offering a broad mix of live TV and exclusive content
JustWatch, app,guide to help you find what to watch and where to watch it
Spectrum TV App, product,live and on-demand TV using any of your devices
HBO Now,brand,"access to hit movies, documentaries, sports, and HBO's acclaimed original programming"
Showtime Anytime,brand,stream and download thousands of hours of content from Showtime
F1 TV Pro,brand,dedicated platform for live F1 racing streaming
